N,window,date
20,1,2010-01-11
20,1,2010-01-19
20,1,2010-01-26
20,1,2010-02-02
20,1,2010-02-09
20,1,2010-02-17
20,1,2010-02-24
20,1,2010-03-03
20,1,2010-03-10
20,1,2010-03-17
20,1,2010-03-24
20,1,2010-03-31
20,1,2010-04-08
20,1,2010-04-15
20,1,2010-04-22
20,1,2010-04-29
20,1,2010-05-06
20,1,2010-05-13
20,1,2010-05-20
20,1,2010-05-27
20,2,2015-04-24
20,2,2015-05-01
20,2,2015-05-08
20,2,2015-05-15
20,2,2015-05-22
20,2,2015-06-01
20,2,2015-06-08
20,2,2015-06-15
20,2,2015-06-22
20,2,2015-06-29
20,2,2015-07-07
20,2,2015-07-14
20,2,2015-07-21
20,2,2015-07-28
20,2,2015-08-04
20,2,2015-08-11
20,2,2015-08-18
20,2,2015-08-25
20,2,2015-09-01
20,2,2015-09-09
20,3,2020-08-05
20,3,2020-08-12
20,3,2020-08-19
20,3,2020-08-26
20,3,2020-09-02
20,3,2020-09-10
20,3,2020-09-17
20,3,2020-09-24
20,3,2020-10-01
20,3,2020-10-08
20,3,2020-10-15
20,3,2020-10-22
20,3,2020-10-29
20,3,2020-11-05
20,3,2020-11-12
20,3,2020-11-19
20,3,2020-11-27
20,3,2020-12-04
20,3,2020-12-11
20,3,2020-12-18
50,1,2010-01-11
50,1,2010-01-19
50,1,2010-01-26
50,1,2010-02-02
50,1,2010-02-09
50,1,2010-02-17
50,1,2010-02-24
50,1,2010-03-03
50,1,2010-03-10
50,1,2010-03-17
50,1,2010-03-24
50,1,2010-03-31
50,1,2010-04-08
50,1,2010-04-15
50,1,2010-04-22
50,1,2010-04-29
50,1,2010-05-06
50,1,2010-05-13
50,1,2010-05-20
50,1,2010-05-27
50,1,2010-06-04
50,1,2010-06-11
50,1,2010-06-18
50,1,2010-06-25
50,1,2010-07-02
50,1,2010-07-12
50,1,2010-07-19
50,1,2010-07-26
50,1,2010-08-02
50,1,2010-08-09
50,1,2010-08-16
50,1,2010-08-23
50,1,2010-08-30
50,1,2010-09-07
50,1,2010-09-14
50,1,2010-09-21
50,1,2010-09-28
50,1,2010-10-05
50,1,2010-10-12
50,1,2010-10-19
50,1,2010-10-26
50,1,2010-11-02
50,1,2010-11-09
50,1,2010-11-16
50,1,2010-11-23
50,1,2010-12-01
50,1,2010-12-08
50,1,2010-12-15
50,1,2010-12-22
50,1,2010-12-30
50,2,2015-01-06
50,2,2015-01-13
50,2,2015-01-21
50,2,2015-01-28
50,2,2015-02-04
50,2,2015-02-11
50,2,2015-02-19
50,2,2015-02-26
50,2,2015-03-05
50,2,2015-03-12
50,2,2015-03-19
50,2,2015-03-26
50,2,2015-04-02
50,2,2015-04-10
50,2,2015-04-17
50,2,2015-04-24
50,2,2015-05-01
50,2,2015-05-08
50,2,2015-05-15
50,2,2015-05-22
50,2,2015-06-01
50,2,2015-06-08
50,2,2015-06-15
50,2,2015-06-22
50,2,2015-06-29
50,2,2015-07-07
50,2,2015-07-14
50,2,2015-07-21
50,2,2015-07-28
50,2,2015-08-04
50,2,2015-08-11
50,2,2015-08-18
50,2,2015-08-25
50,2,2015-09-01
50,2,2015-09-09
50,2,2015-09-16
50,2,2015-09-23
50,2,2015-09-30
50,2,2015-10-07
50,2,2015-10-14
50,2,2015-10-21
50,2,2015-10-28
50,2,2015-11-04
50,2,2015-11-11
50,2,2015-11-18
50,2,2015-11-25
50,2,2015-12-03
50,2,2015-12-10
50,2,2015-12-17
50,2,2015-12-24
50,3,2019-12-31
50,3,2020-01-08
50,3,2020-01-15
50,3,2020-01-23
50,3,2020-01-30
50,3,2020-02-06
50,3,2020-02-13
50,3,2020-02-21
50,3,2020-02-28
50,3,2020-03-06
50,3,2020-03-13
50,3,2020-03-20
50,3,2020-03-27
50,3,2020-04-03
50,3,2020-04-13
50,3,2020-04-20
50,3,2020-04-27
50,3,2020-05-04
50,3,2020-05-11
50,3,2020-05-18
50,3,2020-05-26
50,3,2020-06-02
50,3,2020-06-09
50,3,2020-06-16
50,3,2020-06-23
50,3,2020-06-30
50,3,2020-07-08
50,3,2020-07-15
50,3,2020-07-22
50,3,2020-07-29
50,3,2020-08-05
50,3,2020-08-12
50,3,2020-08-19
50,3,2020-08-26
50,3,2020-09-02
50,3,2020-09-10
50,3,2020-09-17
50,3,2020-09-24
50,3,2020-10-01
50,3,2020-10-08
50,3,2020-10-15
50,3,2020-10-22
50,3,2020-10-29
50,3,2020-11-05
50,3,2020-11-12
50,3,2020-11-19
50,3,2020-11-27
50,3,2020-12-04
50,3,2020-12-11
50,3,2020-12-18
100,1,2010-01-11
100,1,2010-01-19
100,1,2010-01-26
100,1,2010-02-02
100,1,2010-02-09
100,1,2010-02-17
100,1,2010-02-24
100,1,2010-03-03
100,1,2010-03-10
100,1,2010-03-17
100,1,2010-03-24
100,1,2010-03-31
100,1,2010-04-08
100,1,2010-04-15
100,1,2010-04-22
100,1,2010-04-29
100,1,2010-05-06
100,1,2010-05-13
100,1,2010-05-20
100,1,2010-05-27
100,1,2010-06-04
100,1,2010-06-11
100,1,2010-06-18
100,1,2010-06-25
100,1,2010-07-02
100,1,2010-07-12
100,1,2010-07-19
100,1,2010-07-26
100,1,2010-08-02
100,1,2010-08-09
100,1,2010-08-16
100,1,2010-08-23
100,1,2010-08-30
100,1,2010-09-07
100,1,2010-09-14
100,1,2010-09-21
100,1,2010-09-28
100,1,2010-10-05
100,1,2010-10-12
100,1,2010-10-19
100,1,2010-10-26
100,1,2010-11-02
100,1,2010-11-09
100,1,2010-11-16
100,1,2010-11-23
100,1,2010-12-01
100,1,2010-12-08
100,1,2010-12-15
100,1,2010-12-22
100,1,2010-12-30
100,1,2011-01-06
100,1,2011-01-13
100,1,2011-01-21
100,1,2011-01-28
100,1,2011-02-04
100,1,2011-02-11
100,1,2011-02-18
100,1,2011-02-28
100,1,2011-03-07
100,1,2011-03-14
100,1,2011-03-21
100,1,2011-03-28
100,1,2011-04-04
100,1,2011-04-11
100,1,2011-04-18
100,1,2011-04-26
100,1,2011-05-03
100,1,2011-05-10
100,1,2011-05-17
100,1,2011-05-24
100,1,2011-06-01
100,1,2011-06-08
100,1,2011-06-15
100,1,2011-06-22
100,1,2011-06-29
100,1,2011-07-07
100,1,2011-07-14
100,1,2011-07-21
100,1,2011-07-28
100,1,2011-08-04
100,1,2011-08-11
100,1,2011-08-18
100,1,2011-08-25
100,1,2011-09-01
100,1,2011-09-09
100,1,2011-09-16
100,1,2011-09-23
100,1,2011-09-30
100,1,2011-10-07
100,1,2011-10-14
100,1,2011-10-21
100,1,2011-10-28
100,1,2011-11-04
100,1,2011-11-11
100,1,2011-11-18
100,1,2011-11-28
100,1,2011-12-05
100,1,2011-12-12
100,1,2011-12-19
100,1,2011-12-27
100,2,2014-07-09
100,2,2014-07-16
100,2,2014-07-23
100,2,2014-07-30
100,2,2014-08-06
100,2,2014-08-13
100,2,2014-08-20
100,2,2014-08-27
100,2,2014-09-04
100,2,2014-09-11
100,2,2014-09-18
100,2,2014-09-25
100,2,2014-10-02
100,2,2014-10-09
100,2,2014-10-16
100,2,2014-10-23
100,2,2014-10-30
100,2,2014-11-06
100,2,2014-11-13
100,2,2014-11-20
100,2,2014-11-28
100,2,2014-12-05
100,2,2014-12-12
100,2,2014-12-19
100,2,2014-12-29
100,2,2015-01-06
100,2,2015-01-13
100,2,2015-01-21
100,2,2015-01-28
100,2,2015-02-04
100,2,2015-02-11
100,2,2015-02-19
100,2,2015-02-26
100,2,2015-03-05
100,2,2015-03-12
100,2,2015-03-19
100,2,2015-03-26
100,2,2015-04-02
100,2,2015-04-10
100,2,2015-04-17
100,2,2015-04-24
100,2,2015-05-01
100,2,2015-05-08
100,2,2015-05-15
100,2,2015-05-22
100,2,2015-06-01
100,2,2015-06-08
100,2,2015-06-15
100,2,2015-06-22
100,2,2015-06-29
100,2,2015-07-07
100,2,2015-07-14
100,2,2015-07-21
100,2,2015-07-28
100,2,2015-08-04
100,2,2015-08-11
100,2,2015-08-18
100,2,2015-08-25
100,2,2015-09-01
100,2,2015-09-09
100,2,2015-09-16
100,2,2015-09-23
100,2,2015-09-30
100,2,2015-10-07
100,2,2015-10-14
100,2,2015-10-21
100,2,2015-10-28
100,2,2015-11-04
100,2,2015-11-11
100,2,2015-11-18
100,2,2015-11-25
100,2,2015-12-03
100,2,2015-12-10
100,2,2015-12-17
100,2,2015-12-24
100,2,2016-01-04
100,2,2016-01-11
100,2,2016-01-19
100,2,2016-01-26
100,2,2016-02-02
100,2,2016-02-09
100,2,2016-02-17
100,2,2016-02-24
100,2,2016-03-02
100,2,2016-03-09
100,2,2016-03-16
100,2,2016-03-23
100,2,2016-03-31
100,2,2016-04-07
100,2,2016-04-14
100,2,2016-04-21
100,2,2016-04-28
100,2,2016-05-05
100,2,2016-05-12
100,2,2016-05-19
100,2,2016-05-26
100,2,2016-06-03
100,2,2016-06-10
100,2,2016-06-17
100,2,2016-06-24
100,3,2019-01-03
100,3,2019-01-10
100,3,2019-01-17
100,3,2019-01-25
100,3,2019-02-01
100,3,2019-02-08
100,3,2019-02-15
100,3,2019-02-25
100,3,2019-03-04
100,3,2019-03-11
100,3,2019-03-18
100,3,2019-03-25
100,3,2019-04-01
100,3,2019-04-08
100,3,2019-04-15
100,3,2019-04-23
100,3,2019-04-30
100,3,2019-05-07
100,3,2019-05-14
100,3,2019-05-21
100,3,2019-05-29
100,3,2019-06-05
100,3,2019-06-12
100,3,2019-06-19
100,3,2019-06-26
100,3,2019-07-03
100,3,2019-07-11
100,3,2019-07-18
100,3,2019-07-25
100,3,2019-08-01
100,3,2019-08-08
100,3,2019-08-15
100,3,2019-08-22
100,3,2019-08-29
100,3,2019-09-06
100,3,2019-09-13
100,3,2019-09-20
100,3,2019-09-27
100,3,2019-10-04
100,3,2019-10-11
100,3,2019-10-18
100,3,2019-10-25
100,3,2019-11-01
100,3,2019-11-08
100,3,2019-11-15
100,3,2019-11-22
100,3,2019-12-02
100,3,2019-12-09
100,3,2019-12-16
100,3,2019-12-23
100,3,2019-12-31
100,3,2020-01-08
100,3,2020-01-15
100,3,2020-01-23
100,3,2020-01-30
100,3,2020-02-06
100,3,2020-02-13
100,3,2020-02-21
100,3,2020-02-28
100,3,2020-03-06
100,3,2020-03-13
100,3,2020-03-20
100,3,2020-03-27
100,3,2020-04-03
100,3,2020-04-13
100,3,2020-04-20
100,3,2020-04-27
100,3,2020-05-04
100,3,2020-05-11
100,3,2020-05-18
100,3,2020-05-26
100,3,2020-06-02
100,3,2020-06-09
100,3,2020-06-16
100,3,2020-06-23
100,3,2020-06-30
100,3,2020-07-08
100,3,2020-07-15
100,3,2020-07-22
100,3,2020-07-29
100,3,2020-08-05
100,3,2020-08-12
100,3,2020-08-19
100,3,2020-08-26
100,3,2020-09-02
100,3,2020-09-10
100,3,2020-09-17
100,3,2020-09-24
100,3,2020-10-01
100,3,2020-10-08
100,3,2020-10-15
100,3,2020-10-22
100,3,2020-10-29
100,3,2020-11-05
100,3,2020-11-12
100,3,2020-11-19
100,3,2020-11-27
100,3,2020-12-04
100,3,2020-12-11
100,3,2020-12-18
200,1,2010-01-11
200,1,2010-01-19
200,1,2010-01-26
200,1,2010-02-02
200,1,2010-02-09
200,1,2010-02-17
200,1,2010-02-24
200,1,2010-03-03
200,1,2010-03-10
200,1,2010-03-17
200,1,2010-03-24
200,1,2010-03-31
200,1,2010-04-08
200,1,2010-04-15
200,1,2010-04-22
200,1,2010-04-29
200,1,2010-05-06
200,1,2010-05-13
200,1,2010-05-20
200,1,2010-05-27
200,1,2010-06-04
200,1,2010-06-11
200,1,2010-06-18
200,1,2010-06-25
200,1,2010-07-02
200,1,2010-07-12
200,1,2010-07-19
200,1,2010-07-26
200,1,2010-08-02
200,1,2010-08-09
200,1,2010-08-16
200,1,2010-08-23
200,1,2010-08-30
200,1,2010-09-07
200,1,2010-09-14
200,1,2010-09-21
200,1,2010-09-28
200,1,2010-10-05
200,1,2010-10-12
200,1,2010-10-19
200,1,2010-10-26
200,1,2010-11-02
200,1,2010-11-09
200,1,2010-11-16
200,1,2010-11-23
200,1,2010-12-01
200,1,2010-12-08
200,1,2010-12-15
200,1,2010-12-22
200,1,2010-12-30
200,1,2011-01-06
200,1,2011-01-13
200,1,2011-01-21
200,1,2011-01-28
200,1,2011-02-04
200,1,2011-02-11
200,1,2011-02-18
200,1,2011-02-28
200,1,2011-03-07
200,1,2011-03-14
200,1,2011-03-21
200,1,2011-03-28
200,1,2011-04-04
200,1,2011-04-11
200,1,2011-04-18
200,1,2011-04-26
200,1,2011-05-03
200,1,2011-05-10
200,1,2011-05-17
200,1,2011-05-24
200,1,2011-06-01
200,1,2011-06-08
200,1,2011-06-15
200,1,2011-06-22
200,1,2011-06-29
200,1,2011-07-07
200,1,2011-07-14
200,1,2011-07-21
200,1,2011-07-28
200,1,2011-08-04
200,1,2011-08-11
200,1,2011-08-18
200,1,2011-08-25
200,1,2011-09-01
200,1,2011-09-09
200,1,2011-09-16
200,1,2011-09-23
200,1,2011-09-30
200,1,2011-10-07
200,1,2011-10-14
200,1,2011-10-21
200,1,2011-10-28
200,1,2011-11-04
200,1,2011-11-11
200,1,2011-11-18
200,1,2011-11-28
200,1,2011-12-05
200,1,2011-12-12
200,1,2011-12-19
200,1,2011-12-27
200,1,2012-01-04
200,1,2012-01-11
200,1,2012-01-19
200,1,2012-01-26
200,1,2012-02-02
200,1,2012-02-09
200,1,2012-02-16
200,1,2012-02-24
200,1,2012-03-02
200,1,2012-03-09
200,1,2012-03-16
200,1,2012-03-23
200,1,2012-03-30
200,1,2012-04-09
200,1,2012-04-16
200,1,2012-04-23
200,1,2012-04-30
200,1,2012-05-07
200,1,2012-05-14
200,1,2012-05-21
200,1,2012-05-29
200,1,2012-06-05
200,1,2012-06-12
200,1,2012-06-19
200,1,2012-06-26
200,1,2012-07-03
200,1,2012-07-11
200,1,2012-07-18
200,1,2012-07-25
200,1,2012-08-01
200,1,2012-08-08
200,1,2012-08-15
200,1,2012-08-22
200,1,2012-08-29
200,1,2012-09-06
200,1,2012-09-13
200,1,2012-09-20
200,1,2012-09-27
200,1,2012-10-04
200,1,2012-10-11
200,1,2012-10-18
200,1,2012-10-25
200,1,2012-11-05
200,1,2012-11-12
200,1,2012-11-19
200,1,2012-11-27
200,1,2012-12-04
200,1,2012-12-11
200,1,2012-12-18
200,1,2012-12-26
200,1,2013-01-03
200,1,2013-01-10
200,1,2013-01-17
200,1,2013-01-25
200,1,2013-02-01
200,1,2013-02-08
200,1,2013-02-15
200,1,2013-02-25
200,1,2013-03-04
200,1,2013-03-11
200,1,2013-03-18
200,1,2013-03-25
200,1,2013-04-02
200,1,2013-04-09
200,1,2013-04-16
200,1,2013-04-23
200,1,2013-04-30
200,1,2013-05-07
200,1,2013-05-14
200,1,2013-05-21
200,1,2013-05-29
200,1,2013-06-05
200,1,2013-06-12
200,1,2013-06-19
200,1,2013-06-26
200,1,2013-07-03
200,1,2013-07-11
200,1,2013-07-18
200,1,2013-07-25
200,1,2013-08-01
200,1,2013-08-08
200,1,2013-08-15
200,1,2013-08-22
200,1,2013-08-29
200,1,2013-09-06
200,1,2013-09-13
200,1,2013-09-20
200,1,2013-09-27
200,1,2013-10-04
200,1,2013-10-11
200,1,2013-10-18
200,1,2013-10-25
200,1,2013-11-01
200,1,2013-11-08
200,1,2013-11-15
200,1,2013-11-22
200,1,2013-12-02
200,1,2013-12-09
200,1,2013-12-16
200,1,2013-12-23
200,2,2013-07-11
200,2,2013-07-18
200,2,2013-07-25
200,2,2013-08-01
200,2,2013-08-08
200,2,2013-08-15
200,2,2013-08-22
200,2,2013-08-29
200,2,2013-09-06
200,2,2013-09-13
200,2,2013-09-20
200,2,2013-09-27
200,2,2013-10-04
200,2,2013-10-11
200,2,2013-10-18
200,2,2013-10-25
200,2,2013-11-01
200,2,2013-11-08
200,2,2013-11-15
200,2,2013-11-22
200,2,2013-12-02
200,2,2013-12-09
200,2,2013-12-16
200,2,2013-12-23
200,2,2013-12-31
200,2,2014-01-08
200,2,2014-01-15
200,2,2014-01-23
200,2,2014-01-30
200,2,2014-02-06
200,2,2014-02-13
200,2,2014-02-21
200,2,2014-02-28
200,2,2014-03-07
200,2,2014-03-14
200,2,2014-03-21
200,2,2014-03-28
200,2,2014-04-04
200,2,2014-04-11
200,2,2014-04-21
200,2,2014-04-28
200,2,2014-05-05
200,2,2014-05-12
200,2,2014-05-19
200,2,2014-05-27
200,2,2014-06-03
200,2,2014-06-10
200,2,2014-06-17
200,2,2014-06-24
200,2,2014-07-01
200,2,2014-07-09
200,2,2014-07-16
200,2,2014-07-23
200,2,2014-07-30
200,2,2014-08-06
200,2,2014-08-13
200,2,2014-08-20
200,2,2014-08-27
200,2,2014-09-04
200,2,2014-09-11
200,2,2014-09-18
200,2,2014-09-25
200,2,2014-10-02
200,2,2014-10-09
200,2,2014-10-16
200,2,2014-10-23
200,2,2014-10-30
200,2,2014-11-06
200,2,2014-11-13
200,2,2014-11-20
200,2,2014-11-28
200,2,2014-12-05
200,2,2014-12-12
200,2,2014-12-19
200,2,2014-12-29
200,2,2015-01-06
200,2,2015-01-13
200,2,2015-01-21
200,2,2015-01-28
200,2,2015-02-04
200,2,2015-02-11
200,2,2015-02-19
200,2,2015-02-26
200,2,2015-03-05
200,2,2015-03-12
200,2,2015-03-19
200,2,2015-03-26
200,2,2015-04-02
200,2,2015-04-10
200,2,2015-04-17
200,2,2015-04-24
200,2,2015-05-01
200,2,2015-05-08
200,2,2015-05-15
200,2,2015-05-22
200,2,2015-06-01
200,2,2015-06-08
200,2,2015-06-15
200,2,2015-06-22
200,2,2015-06-29
200,2,2015-07-07
200,2,2015-07-14
200,2,2015-07-21
200,2,2015-07-28
200,2,2015-08-04
200,2,2015-08-11
200,2,2015-08-18
200,2,2015-08-25
200,2,2015-09-01
200,2,2015-09-09
200,2,2015-09-16
200,2,2015-09-23
200,2,2015-09-30
200,2,2015-10-07
200,2,2015-10-14
200,2,2015-10-21
200,2,2015-10-28
200,2,2015-11-04
200,2,2015-11-11
200,2,2015-11-18
200,2,2015-11-25
200,2,2015-12-03
200,2,2015-12-10
200,2,2015-12-17
200,2,2015-12-24
200,2,2016-01-04
200,2,2016-01-11
200,2,2016-01-19
200,2,2016-01-26
200,2,2016-02-02
200,2,2016-02-09
200,2,2016-02-17
200,2,2016-02-24
200,2,2016-03-02
200,2,2016-03-09
200,2,2016-03-16
200,2,2016-03-23
200,2,2016-03-31
200,2,2016-04-07
200,2,2016-04-14
200,2,2016-04-21
200,2,2016-04-28
200,2,2016-05-05
200,2,2016-05-12
200,2,2016-05-19
200,2,2016-05-26
200,2,2016-06-03
200,2,2016-06-10
200,2,2016-06-17
200,2,2016-06-24
200,2,2016-07-01
200,2,2016-07-11
200,2,2016-07-18
200,2,2016-07-25
200,2,2016-08-01
200,2,2016-08-08
200,2,2016-08-15
200,2,2016-08-22
200,2,2016-08-29
200,2,2016-09-06
200,2,2016-09-13
200,2,2016-09-20
200,2,2016-09-27
200,2,2016-10-04
200,2,2016-10-11
200,2,2016-10-18
200,2,2016-10-25
200,2,2016-11-01
200,2,2016-11-08
200,2,2016-11-15
200,2,2016-11-22
200,2,2016-11-30
200,2,2016-12-07
200,2,2016-12-14
200,2,2016-12-21
200,2,2016-12-29
200,2,2017-01-06
200,2,2017-01-13
200,2,2017-01-23
200,2,2017-01-30
200,2,2017-02-06
200,2,2017-02-13
200,2,2017-02-21
200,2,2017-02-28
200,2,2017-03-07
200,2,2017-03-14
200,2,2017-03-21
200,2,2017-03-28
200,2,2017-04-04
200,2,2017-04-11
200,2,2017-04-19
200,2,2017-04-26
200,2,2017-05-03
200,2,2017-05-10
200,2,2017-05-17
200,2,2017-05-24
200,2,2017-06-01
200,2,2017-06-08
200,2,2017-06-15
200,2,2017-06-22
200,3,2017-01-06
200,3,2017-01-13
200,3,2017-01-23
200,3,2017-01-30
200,3,2017-02-06
200,3,2017-02-13
200,3,2017-02-21
200,3,2017-02-28
200,3,2017-03-07
200,3,2017-03-14
200,3,2017-03-21
200,3,2017-03-28
200,3,2017-04-04
200,3,2017-04-11
200,3,2017-04-19
200,3,2017-04-26
200,3,2017-05-03
200,3,2017-05-10
200,3,2017-05-17
200,3,2017-05-24
200,3,2017-06-01
200,3,2017-06-08
200,3,2017-06-15
200,3,2017-06-22
200,3,2017-06-29
200,3,2017-07-07
200,3,2017-07-14
200,3,2017-07-21
200,3,2017-07-28
200,3,2017-08-04
200,3,2017-08-11
200,3,2017-08-18
200,3,2017-08-25
200,3,2017-09-01
200,3,2017-09-11
200,3,2017-09-18
200,3,2017-09-25
200,3,2017-10-02
200,3,2017-10-09
200,3,2017-10-16
200,3,2017-10-23
200,3,2017-10-30
200,3,2017-11-06
200,3,2017-11-13
200,3,2017-11-20
200,3,2017-11-28
200,3,2017-12-05
200,3,2017-12-12
200,3,2017-12-19
200,3,2017-12-27
200,3,2018-01-04
200,3,2018-01-11
200,3,2018-01-19
200,3,2018-01-26
200,3,2018-02-02
200,3,2018-02-09
200,3,2018-02-16
200,3,2018-02-26
200,3,2018-03-05
200,3,2018-03-12
200,3,2018-03-19
200,3,2018-03-26
200,3,2018-04-03
200,3,2018-04-10
200,3,2018-04-17
200,3,2018-04-24
200,3,2018-05-01
200,3,2018-05-08
200,3,2018-05-15
200,3,2018-05-22
200,3,2018-05-30
200,3,2018-06-06
200,3,2018-06-13
200,3,2018-06-20
200,3,2018-06-27
200,3,2018-07-05
200,3,2018-07-12
200,3,2018-07-19
200,3,2018-07-26
200,3,2018-08-02
200,3,2018-08-09
200,3,2018-08-16
200,3,2018-08-23
200,3,2018-08-30
200,3,2018-09-07
200,3,2018-09-14
200,3,2018-09-21
200,3,2018-09-28
200,3,2018-10-05
200,3,2018-10-12
200,3,2018-10-19
200,3,2018-10-26
200,3,2018-11-02
200,3,2018-11-09
200,3,2018-11-16
200,3,2018-11-26
200,3,2018-12-03
200,3,2018-12-11
200,3,2018-12-18
200,3,2018-12-26
200,3,2019-01-03
200,3,2019-01-10
200,3,2019-01-17
200,3,2019-01-25
200,3,2019-02-01
200,3,2019-02-08
200,3,2019-02-15
200,3,2019-02-25
200,3,2019-03-04
200,3,2019-03-11
200,3,2019-03-18
200,3,2019-03-25
200,3,2019-04-01
200,3,2019-04-08
200,3,2019-04-15
200,3,2019-04-23
200,3,2019-04-30
200,3,2019-05-07
200,3,2019-05-14
200,3,2019-05-21
200,3,2019-05-29
200,3,2019-06-05
200,3,2019-06-12
200,3,2019-06-19
200,3,2019-06-26
200,3,2019-07-03
200,3,2019-07-11
200,3,2019-07-18
200,3,2019-07-25
200,3,2019-08-01
200,3,2019-08-08
200,3,2019-08-15
200,3,2019-08-22
200,3,2019-08-29
200,3,2019-09-06
200,3,2019-09-13
200,3,2019-09-20
200,3,2019-09-27
200,3,2019-10-04
200,3,2019-10-11
200,3,2019-10-18
200,3,2019-10-25
200,3,2019-11-01
200,3,2019-11-08
200,3,2019-11-15
200,3,2019-11-22
200,3,2019-12-02
200,3,2019-12-09
200,3,2019-12-16
200,3,2019-12-23
200,3,2019-12-31
200,3,2020-01-08
200,3,2020-01-15
200,3,2020-01-23
200,3,2020-01-30
200,3,2020-02-06
200,3,2020-02-13
200,3,2020-02-21
200,3,2020-02-28
200,3,2020-03-06
200,3,2020-03-13
200,3,2020-03-20
200,3,2020-03-27
200,3,2020-04-03
200,3,2020-04-13
200,3,2020-04-20
200,3,2020-04-27
200,3,2020-05-04
200,3,2020-05-11
200,3,2020-05-18
200,3,2020-05-26
200,3,2020-06-02
200,3,2020-06-09
200,3,2020-06-16
200,3,2020-06-23
200,3,2020-06-30
200,3,2020-07-08
200,3,2020-07-15
200,3,2020-07-22
200,3,2020-07-29
200,3,2020-08-05
200,3,2020-08-12
200,3,2020-08-19
200,3,2020-08-26
200,3,2020-09-02
200,3,2020-09-10
200,3,2020-09-17
200,3,2020-09-24
200,3,2020-10-01
200,3,2020-10-08
200,3,2020-10-15
200,3,2020-10-22
200,3,2020-10-29
200,3,2020-11-05
200,3,2020-11-12
200,3,2020-11-19
200,3,2020-11-27
200,3,2020-12-04
200,3,2020-12-11
200,3,2020-12-18
