Date,return_1d,momentum_5d,past_vol_5d,future_vol_5d,high_vol
2010-01-11,0.0017452316285846302,0.012272236912918217,0.04332712266814469,0.14827012802792586,1.0
2010-01-19,0.012422151207737096,0.002829521222358548,0.14827012802792586,0.22667044450466212,1.0
2010-01-26,-0.004212057847785588,-0.05179532229894767,0.22667044450466212,0.17810522077188257,1.0
2010-02-02,0.0128895204452028,0.01015718427592242,0.17810522077188257,0.25463058397722493,1.0
2010-02-09,0.01295584177358637,-0.030179237398306663,0.25463058397722493,0.14917546918239863,1.0
2010-02-17,0.004229004596710374,0.026720104920124534,0.14917546918239863,0.12106090593601086,0.0
2010-02-24,0.009673519697189884,0.005197862224457327,0.12106090593601086,0.07582340177118962,0.0
2010-03-03,0.00042910952140039855,0.012185281951883191,0.07582340177118962,0.10783950906702927,0.0
2010-03-10,0.00451435490421295,0.023689454377183877,0.10783950906702927,0.07454687408157668,0.0
2010-03-17,0.005804795332563638,0.017821907682572764,0.07454687408157668,0.08197770350934416,0.0
2010-03-24,-0.0055084478872883084,0.0012939634183901242,0.08197770350934416,0.04831602332222309,0.0
2010-03-31,-0.00327824231803275,0.0014633919903554258,0.04831602332222309,0.09142331328943291,0.0
2010-04-08,0.0033686614308549275,0.014440680787554117,0.09142331328943291,0.09300450033491961,0.0
2010-04-15,0.0008421839911768203,0.021042432284894056,0.09300450033491961,0.13380671139845177,0.0
2010-04-22,0.0022613206430901964,-0.0024789917345576845,0.13380671139845177,0.20521584017224,1.0
2010-04-29,0.012860180281289574,-0.0015649381911060373,0.20521584017224,0.32988357895203774,1.0
2010-05-06,-0.032888440643963665,-0.06737653508876615,0.32988357895203774,0.35046925715768584,1.0
2010-05-13,-0.01221949988922511,0.025631474558841086,0.35046925715768584,0.3309240527470612,1.0
2010-05-20,-0.03975579583776626,-0.07706712424972095,0.3309240527470612,0.27218026839491427,1.0
2010-05-27,0.032347311768677056,0.028944694101694562,0.27218026839491427,0.34403330339062405,1.0
2010-06-04,-0.035017442089831104,-0.035226067668050566,0.34403330339062405,0.24644279746492495,1.0
2010-06-11,0.00437011574261751,0.02478236614470975,0.24644279746492495,0.16592174996824938,1.0
2010-06-18,0.0013162641384549061,0.023458517263492608,0.16592174996824938,0.17122132316144506,1.0
2010-06-25,0.002855281931545411,-0.0371464635648629,0.17122132316144506,0.23892101164255625,1.0
2010-07-02,-0.004673271754301508,-0.05162767898974425,0.23892101164255625,0.23760093075951697,1.0
2010-07-12,0.0007326336059528174,0.05347410121996172,0.23760093075951697,0.2381275817275593,1.0
2010-07-19,0.005964069587908596,-0.0069767724856482725,0.2381275817275593,0.2224796261471706,1.0
2010-07-26,0.01113790871672976,0.04003719131020676,0.2224796261471706,0.16516235900565335,1.0
2010-08-02,0.021783528781166763,0.009683792811049202,0.16516235900565335,0.07267457811280481,0.0
2010-08-09,0.005468087107405527,0.0017128251164911235,0.07267457811280481,0.21276472730916116,1.0
2010-08-16,0.00012045128871151444,-0.0438731934254381,0.21276472730916116,0.1540157528523637,1.0
2010-08-23,-0.0040484907945532,-0.011198510487082751,0.1540157528523637,0.19757472132735474,1.0
2010-08-30,-0.014828611113085734,-0.01742719096104826,0.19757472132735474,0.24928131794310607,1.0
2010-09-07,-0.011537491412768315,0.04010320984237005,0.24928131794310607,0.10312374758969106,0.0
2010-09-14,-0.0007133739296067345,0.026446009264127907,0.10312374758969106,0.11174799729527565,0.0
2010-09-21,-0.0025673131207138568,0.016524962630198283,0.11174799729527565,0.1722908272300187,1.0
2010-09-28,0.004838660735848585,0.006924610129430232,0.1722908272300187,0.16298128053401031,1.0
2010-10-05,0.02064672250716406,0.011306450757736938,0.16298128053401031,0.052635499298726095,0.0
2010-10-12,0.0038114836641496563,0.007740817067231731,0.052635499298726095,0.13766110552198305,0.0
2010-10-19,-0.016004644029054833,-0.0033138230879172365,0.13766110552198305,0.0787470674906709,0.0
2010-10-26,1.6885142218022246e-05,0.01678938363986788,0.0787470674906709,0.05912200500441054,0.0
2010-11-02,0.007729336064693736,0.006666045565918351,0.05912200500441054,0.15283504343686255,1.0
2010-11-09,-0.008084894540661062,0.01647758554343992,0.15283504343686255,0.15003943292277705,1.0
2010-11-16,-0.016338157414688127,-0.029319717280028496,0.15003943292277705,0.15030231916166525,1.0
2010-11-23,-0.014387031590549965,0.0020262353559346545,0.15030231916166525,0.1972505012607859,1.0
2010-12-01,0.021386622263129783,0.021234220482112116,0.1972505012607859,0.0964559507847046,0.0
2010-12-08,0.0036949257526148233,0.018247745410744812,0.0964559507847046,0.06258699046905626,0.0
2010-12-15,-0.0051356170153353965,0.005642331131172651,0.06258699046905626,0.06836159308832619,0.0
2010-12-22,0.0033738576255426243,0.018933463100039176,0.06836159308832619,0.018747285463589877,0.0
2010-12-30,-0.0015093576964174303,-0.000762866743404233,0.018747285463589877,0.0891852826331496,0.0
2011-01-06,-0.002125214370637225,0.01261602354611363,0.0891852826331496,0.07186604223259267,0.0
2011-01-13,-0.001712211240459357,0.007749487866896871,0.07186604223259267,0.09171150302169273,0.0
2011-01-21,0.0024106376042604427,-0.0003194519794743082,0.09171150302169273,0.13860868780761978,0.0
2011-01-28,-0.018013805424182846,-0.005477247206689063,0.13860868780761978,0.1335005300715764,0.0
2011-02-04,0.0028801110627525582,0.02669445486423183,0.1335005300715764,0.0690662234370207,0.0
2011-02-11,0.00549226150188646,0.013848623353376704,0.0690662234370207,0.05863395578718319,0.0
2011-02-18,0.0019228727220244875,0.010373712253745648,0.05863395578718319,0.17529932348841062,1.0
2011-02-28,0.005545679951233036,-0.011826863775648308,0.17529932348841062,0.18386590860313337,1.0
2011-03-07,-0.008376215256269803,-0.012960134367938404,0.18386590860313337,0.16348686191490586,1.0
2011-03-14,-0.006067696956773771,-0.010542882771329445,0.16348686191490586,0.21665705746417682,1.0
2011-03-21,0.01487466793018228,0.0015338474003845463,0.21665705746417682,0.07940182288884626,0.0
2011-03-28,-0.002751618499391395,0.009054782855737676,0.07940182288884626,0.0783708557709586,0.0
2011-04-04,0.0003451501808517552,0.01716238825386939,0.0783708557709586,0.03954585498102502,0.0
2011-04-11,-0.00279728829140217,-0.006329708690978893,0.03954585498102502,0.10016970767226029,0.0
2011-04-18,-0.011078997728577972,-0.014694473767562746,0.10016970767226029,0.12759553057467315,0.0
2011-04-26,0.008939507790192994,0.03174772209019468,0.12759553057467315,0.05991687290212794,0.0
2011-05-03,-0.0033850263710526606,0.006938260533186034,0.05991687290212794,0.10768804506403258,0.0
2011-05-10,0.00804161600966336,0.00039799767394459954,0.10768804506403258,0.11296163594241962,0.0
2011-05-17,-0.0003686285233300362,-0.020982590222569174,0.11296163594241962,0.12000744298567885,0.0
2011-05-24,-0.0008277226453314669,-0.009602117526063533,0.12000744298567885,0.18573873761656395,1.0
2011-06-01,-0.023048225700640405,-0.001315159601137792,0.18573873761656395,0.10830536749988229,0.0
2011-06-08,-0.0041956644216076975,-0.026978124257236724,0.10830536749988229,0.190362463622737,1.0
2011-06-15,-0.01758556950725801,-0.011112197015504137,0.190362463622737,0.11473250658477278,0.0
2011-06-22,-0.006489459844407726,0.017018596574697148,0.11473250658477278,0.15295363254694685,1.0
2011-06-29,0.008248633534913173,0.015625392891588406,0.15295363254694685,0.14497168909645042,1.0
2011-07-07,0.010399582892092554,0.03443880886786481,0.14497168909645042,0.15174158813026642,1.0
2011-07-14,-0.006738782369334765,-0.03332275013355992,0.15174158813026642,0.16505094799146272,1.0
2011-07-21,0.013455262786265243,0.02633729202662368,0.16505094799146272,0.15573812818608107,1.0
2011-07-28,-0.0032392071555055867,-0.03262190773525678,0.15573812818608107,0.39879186479039913,1.0
2011-08-04,-0.0490016550437416,-0.08049970643505192,0.39879186479039913,0.7441621647035483,1.0
2011-08-11,0.04525059436377155,-0.02312221398221239,0.7441621647035483,0.3668144012544634,1.0
2011-08-18,-0.04561859893236344,-0.02765933292686136,0.3668144012544634,0.2996170780091595,1.0
2011-08-25,-0.01568793473796148,0.016192216762075638,0.2996170780091595,0.24337134996452384,1.0
2011-09-01,-0.011942460792303735,0.03820764623061601,0.24337134996452384,0.3445666220431434,1.0
2011-09-09,-0.027068562510962152,-0.04256472168847991,0.3445666220431434,0.17856854354401577,1.0
2011-09-16,0.00569047556193546,0.0521415771606482,0.17856854354401577,0.323495775443123,1.0
2011-09-23,0.006063588829469748,-0.06768319815771198,0.323495775443123,0.30013128601189765,1.0
2011-09-30,-0.02529127447886567,-0.004418297241938405,0.30013128601189765,0.3204485244703396,1.0
2011-10-07,-0.00819681118762265,0.02102497945173832,0.3204485244703396,0.2774232403174574,1.0
2011-10-14,0.017230948802478146,0.05809939290152108,0.2774232403174574,0.25803589054868903,1.0
2011-10-21,0.01863406749243458,0.011101200307353988,0.25803589054868903,0.3029013016571234,1.0
2011-10-28,0.00038915352854135727,0.037129635721752624,0.3029013016571234,0.32313629222036555,1.0
2011-11-04,-0.0062998195371895644,-0.025104525266434214,0.32313629222036555,0.31900628834359107,1.0
2011-11-11,0.019293223004513554,0.008438395537898945,0.31900628834359107,0.18555451965336167,1.0
2011-11-18,-0.0003947564904724282,-0.0388836652303882,0.18555451965336167,0.29345749449081115,1.0
2011-11-28,0.028821079038609924,-0.01918502068219144,0.29345749449081115,0.31037754319226857,1.0
2011-12-05,0.010234463299265799,0.05269762365371048,0.31037754319226857,0.2208782835218216,1.0
2011-12-12,-0.01502638690477899,-0.016531014259439664,0.2208782835218216,0.13590204969182496,0.0
2011-12-19,-0.011802198458557732,-0.02549056101601841,0.13590204969182496,0.22630943587210772,1.0
2011-12-27,7.910481903918606e-05,0.04864206686777293,0.22630943587210772,0.1627292880906291,1.0
2012-01-04,0.00018790634443729306,0.009336485481328774,0.1627292880906291,0.07047732705950707,0.0
2012-01-11,0.00030954934463217333,0.011814324987255922,0.07047732705950707,0.09758089245868652,0.0
2012-01-19,0.004926501717244016,0.016893526906340196,0.09758089245868652,0.0743567680092239,0.0
2012-01-26,-0.005770508287989055,0.0029853103193098317,0.0743567680092239,0.06691033739817087,0.0
2012-02-02,0.0010945478306671234,0.005378277545218812,0.06691033739817087,0.10561830509989094,0.0
2012-02-09,0.0014730251258786603,0.019728005519250358,0.10561830509989094,0.11088006832921575,0.0
2012-02-16,0.010965365833276902,0.004494553976015468,0.11088006832921575,0.04386664094133812,0.0
2012-02-24,0.001670841175508428,0.0056538865846051545,0.04386664094133812,0.06501339148854034,0.0
2012-03-02,-0.0032510350278581205,0.0028442348039154006,0.06501339148854034,0.14389725237037362,0.0
2012-03-09,0.0036246730207315234,0.0009049372880825871,0.14389725237037362,0.13488587886647826,0.0
2012-03-16,0.0011187724767004654,0.02400084096688688,0.13488587886647826,0.0674295229610699,0.0
2012-03-23,0.0031040360075561585,-0.00504060534343514,0.0674295229610699,0.10972634845851303,0.0
2012-03-30,0.003691613621621361,0.008098181204786909,0.10972634845851303,0.12457741886600411,0.0
2012-04-09,-0.011423437999542612,-0.01882759070366091,0.12457741886600411,0.18743296845578067,1.0
2012-04-16,-0.0005037272401734527,-0.009179614606315889,0.18743296845578067,0.13484290211638297,0.0
2012-04-23,-0.008443113102887432,-0.0019221605625438318,0.13484290211638297,0.11500874013711587,0.0
2012-04-30,-0.0038910622753696145,0.022403666327531564,0.11500874013711587,0.13513401135194497,0.0
2012-05-07,0.000350519582897646,-0.02047419709917389,0.13513401135194497,0.10197459574943703,0.0
2012-05-14,-0.011175073102338487,-0.02306659769698626,0.10197459574943703,0.17255197016307508,1.0
2012-05-21,0.01590868439583931,-0.01684826704197044,0.17255197016307508,0.081286078331973,0.0
2012-05-29,0.01101805527882847,0.012407644044346453,0.081286078331973,0.2092616822446878,1.0
2012-06-05,0.005710514594359025,-0.03584912298985526,0.2092616822446878,0.2106086127070879,1.0
2012-06-12,0.011583389901239803,0.029645692773709202,0.2106086127070879,0.13630830418447532,0.0
2012-06-19,0.009767834417612748,0.025204846607460477,0.13630830418447532,0.20602039652734966,1.0
2012-06-26,0.004761368161020215,-0.028374133691226044,0.20602039652734966,0.1924668372378523,1.0
2012-07-03,0.0062127715684242545,0.040116610535901986,0.1924668372378523,0.09555207107107286,0.0
2012-07-11,-1.4923688990578574e-05,-0.023989681871002602,0.09555207107107286,0.1414410475833041,0.0
2012-07-18,0.006658275330085007,0.02308682014349039,0.1414410475833041,0.11714787026760905,0.0
2012-07-25,-0.0003139107221179555,-0.025744145203906995,0.11714787026760905,0.18152142882867783,1.0
2012-08-01,-0.0029041929017454256,0.0275926352428251,0.18152142882867783,0.14962903182742174,1.0
2012-08-08,0.000620633807453193,0.019370281835270193,0.14962903182742174,0.019868933715926657,0.0
2012-08-15,0.0011389916294490677,0.002357802601512932,0.019868933715926657,0.05762568161573996,0.0
2012-08-22,0.00022637762345679676,0.0056473398823414876,0.05762568161573996,0.07401419723991796,0.0
2012-08-29,0.0008439929642994782,-0.002124661753479571,0.07401419723991796,0.1585472070569713,1.0
2012-09-06,0.020229536612006892,0.01521870567400177,0.1585472070569713,0.12901713512726076,0.0
2012-09-13,0.01617817215384428,0.019273719192184256,0.12901713512726076,0.03806050745726963,0.0
2012-09-20,-0.00054087999282134,0.00018492905197817482,0.03806050745726963,0.11038716439125605,0.0
2012-09-27,0.009602727708234702,-0.009018386847170991,0.11038716439125605,0.06813366860060256,0.0
2012-10-04,0.007148821731697362,0.009798775183224633,0.06813366860060256,0.08679431898409497,0.0
2012-10-11,0.00019537043698457742,-0.019736432196142583,0.08679431898409497,0.10060462723685903,0.0
2012-10-18,-0.0024467198768949572,0.01695436786288073,0.10060462723685903,0.1602614446755088,1.0
2012-10-25,0.002991064948394708,-0.03091898142741628,0.1602614446755088,0.10339919655501424,0.0
2012-11-05,0.002161471345057592,0.003031585685787154,0.10339919655501424,0.19959369535625443,1.0
2012-11-12,0.00013047937654856286,-0.02662017771361661,0.19959369535625443,0.17722371691829902,1.0
2012-11-19,0.01966737673954756,0.004958581598633584,0.17722371691829902,0.10162150674621342,0.0
2012-11-27,-0.005240293685227754,0.008650924211213495,0.10162150674621342,0.07273486155842387,0.0
2012-12-04,-0.0017112757910542108,0.0057805837037609034,0.07273486155842387,0.057075634786382445,0.0
2012-12-11,0.006527531315292975,0.014667440077915699,0.057075634786382445,0.1284340062547769,0.0
2012-12-18,0.011421185666775555,0.013184547382043391,0.1284340062547769,0.10184025660198169,0.0
2012-12-26,-0.0047989567899257195,-0.01881022108058952,0.10184025660198169,0.2290404512301481,1.0
2013-01-03,-0.002087795423524574,0.027467717213830595,0.2290404512301481,0.07384845716354743,0.0
2013-01-10,0.00756870010921085,0.008698703007017737,0.07384845716354743,0.04130074811936788,0.0
2013-01-17,0.0056270605413545815,0.005973446326717829,0.04130074811936788,0.05627118519719528,0.0
2013-01-25,0.005430708661868184,0.014759489253568207,0.05627118519719528,0.08731566724580693,0.0
2013-02-01,0.010002513224009682,0.00677034610027887,0.08731566724580693,0.11825781443216553,0.0
2013-02-08,0.0056419945850431485,0.0031407829007284362,0.11825781443216553,0.015600763921468152,0.0
2013-02-15,-0.001045627796013619,0.001224593133796555,0.015600763921468152,0.18334544756782378,1.0
2013-02-25,-0.01847927558477439,-0.02124008465230991,0.18334544756782378,0.10632572174712199,0.0
2013-03-04,0.004600126548349631,0.02479340851800605,0.10632572174712199,0.0795700302039536,0.0
2013-03-11,0.0032438188658736856,0.02013426812394972,0.0795700302039536,0.06019269262575001,0.0
2013-03-18,-0.005525570335024047,-0.002650948165672055,0.06019269262575001,0.09575059947885405,0.0
2013-03-25,-0.003345629300947282,-0.0002642151647107736,0.09575059947885405,0.07892465865636082,0.0
2013-04-02,0.005158933898853431,0.011890220571758906,0.07892465865636082,0.10021033261570542,0.0
2013-04-09,0.003538065806577469,-0.0010449748031632934,0.10021033261570542,0.2140479889600606,1.0
2013-04-16,0.014205840828064486,0.0037923174682763447,0.2140479889600606,0.1522855930165892,1.0
2013-04-23,0.01036531280555277,0.002670230416506011,0.1522855930165892,0.062313394879402885,0.0
2013-04-30,0.00248181741858196,0.011831275721535821,0.062313394879402885,0.12616027417749595,0.0
2013-05-07,0.005216639159837863,0.017614695397248428,0.12616027417749595,0.08727635299211664,0.0
2013-05-14,0.010091066969150287,0.01488292002752792,0.08727635299211664,0.08972035871684186,0.0
2013-05-21,0.001720904683002348,0.011339219769657814,0.08972035871684186,0.09198537428368717,0.0
2013-05-29,-0.007072936243165862,-0.012539681003379283,0.09198537428368717,0.15540535564295338,1.0
2013-06-05,-0.013875554543922225,-0.024230114497329754,0.15540535564295338,0.1435649152131036,0.0
2013-06-12,-0.008404776908050976,0.0022474539746672236,0.1435649152131036,0.16827691934719932,1.0
2013-06-19,-0.013948301328481997,0.010125205697917309,0.16827691934719932,0.22206192273967706,1.0
2013-06-26,0.009544789666190033,-0.015884328072907263,0.22206192273967706,0.06610339713415195,0.0
2013-07-03,0.0008237078945754475,0.007549753133743042,0.06610339713415195,0.13537927815179152,0.0
2013-07-11,0.013463212765353812,0.03623630158190681,0.13537927815179152,0.05409865051737945,0.0
2013-07-18,0.0050203417120067255,0.008530558314882853,0.05409865051737945,0.03968549520639545,0.0
2013-07-25,0.002553209985188819,0.0005207715092064324,0.03968549520639545,0.09260981924274253,0.0
2013-08-01,0.012462588230416578,0.009784834062293744,0.09260981924274253,0.05828327186714531,0.0
2013-08-08,0.0038779210740465357,-0.005516494208065879,0.05828327186714531,0.11351297461940883,0.0
2013-08-15,-0.014384564947961866,-0.021532352070503403,0.11351297461940883,0.0919567866667238,0.0
2013-08-22,0.008582441743413965,-0.0026278602061936586,0.0919567866667238,0.1228256417480998,0.0
2013-08-29,0.0019614766490956537,-0.01140478259096412,0.1228256417480998,0.06890203452843716,0.0
2013-09-06,5.442965978223178e-05,0.01032395716213428,0.06890203452843716,0.09538962920497962,0.0
2013-09-13,0.002711001653103429,0.019634717062892645,0.09538962920497962,0.11276876419629836,0.0
2013-09-20,-0.007243053962847499,0.012902291339459788,0.11276876419629836,0.057428774450456126,0.0
2013-09-27,-0.004082121663443529,-0.010677261409506242,0.057428774450456126,0.1079570902878435,0.0
2013-10-04,0.007028466704283861,-0.0007391529643941703,0.1079570902878435,0.19219642891298655,1.0
2013-10-11,0.006266595617327234,0.007484462762866439,0.19219642891298655,0.13151143762666712,0.0
2013-10-18,0.00652740546362272,0.023959175716021897,0.13151143762666712,0.0654438050963978,0.0
2013-10-25,0.0043852143927746775,0.008715148146325374,0.0654438050963978,0.06344638009210014,0.0
2013-11-01,0.0028992144122096126,0.0010620718830330763,0.06344638009210014,0.14068912652288673,0.0
2013-11-08,0.013338208792264144,0.00507891003471481,0.14068912652288673,0.07519870954026846,0.0
2013-11-15,0.004213146273881077,0.015450960434184034,0.07519870954026846,0.07816014467427096,0.0
2013-11-22,0.0049491905000291735,0.0036525522235183894,0.07816014467427096,0.02822969978105108,0.0
2013-12-02,-0.002722723534716429,-0.002141070866108053,0.02822969978105108,0.08952519222524126,0.0
2013-12-09,0.0018154512479509814,0.004139330850066333,0.08952519222524126,0.0987929733405145,0.0
2013-12-16,0.006300152129396221,-0.012145074106530053,0.0987929733405145,0.12971212334520116,0.0
2013-12-23,0.0053040288862060605,0.022936186971305794,0.12971212334520116,0.04849038879066935,0.0
2013-12-31,0.003951856349111548,0.011081754301927491,0.04849038879066935,0.07856842741264657,0.0
2014-01-08,-0.0002122315034510835,-0.005898246918609293,0.07856842741264657,0.12457808099232909,0.0
2014-01-15,0.005152889134682223,0.005909077829791753,0.12457808099232909,0.07267141289250852,0.0
2014-01-23,-0.00892932476457093,-0.010835521278426012,0.07267141289250852,0.1927644109336507,1.0
2014-01-30,0.011204044372218206,-0.018920427194525885,0.1927644109336507,0.19959445941380594,1.0
2014-02-06,0.012363054453375717,-0.011638079190936415,0.19959445941380594,0.1293042052060761,0.0
2014-02-13,0.005793211978776681,0.0313074875828617,0.1293042052060761,0.0734547271186844,0.0
2014-02-21,-0.0019205666731810659,0.0035024061586640017,0.0734547271186844,0.06021503012934397,0.0
2014-02-28,0.0027788242813380905,0.012555270307436042,0.06021503012934397,0.12041205645676728,0.0
2014-03-07,0.0005379445771157059,0.009947981799995224,0.12041205645676728,0.09331937837658982,0.0
2014-03-14,-0.002825766417445165,-0.019849184406554133,0.09331937837658982,0.10672902932539668,0.0
2014-03-21,-0.002936980116608755,0.013696228814690622,0.10672902932539668,0.07695117828038682,0.0
2014-03-28,0.004629489243409657,-0.0047796491659844505,0.07695117828038682,0.11880858560829835,0.0
2014-04-04,-0.012616542925313997,0.004013195122523915,0.11880858560829835,0.19891644731412897,1.0
2014-04-11,-0.009532059739897396,-0.026843762487291582,0.19891644731412897,0.10934960761501268,0.0
2014-04-21,0.003768015655572547,0.030483094979876633,0.10934960761501268,0.07136619509264037,0.0
2014-04-28,0.003230811162502344,-0.0013150231720626742,0.07136619509264037,0.04307759042088529,0.0
2014-05-05,0.0018694675823397822,0.008113851115471353,0.04307759042088529,0.10281766127626,0.0
2014-05-12,0.009626256172315509,0.006341733543450167,0.10281766127626,0.0838696075076063,0.0
2014-05-19,0.003837414189704193,-0.006118947951964068,0.0838696075076063,0.09175008893679333,0.0
2014-05-27,0.0059699502115288725,0.014132523263331108,0.09175008893679333,0.041371697877045616,0.0
2014-06-03,-0.0003792884695348666,0.006428319244927889,0.041371697877045616,0.05859958670915521,0.0
2014-06-10,-0.0002460138818795375,0.013703359248652158,0.05859958670915521,0.06284785945226329,0.0
2014-06-17,0.0021702124448891515,-0.004521223265829528,0.06284785945226329,0.07289878272742359,0.0
2014-06-24,-0.006456106498617479,0.004105890600054079,0.07289878272742359,0.06079742115833298,0.0
2014-07-01,0.006655572896822518,0.011898270132982964,0.06079742115833298,0.07687501018528321,0.0
2014-07-09,0.004633516553259208,-0.00024833837994953697,0.07687501018528321,0.056776308117918686,0.0
2014-07-16,0.004192285009448555,0.004420394842073354,0.056776308117918686,0.11869247319695517,0.0
2014-07-23,0.001752900777012884,0.0027415684926015223,0.11869247319695517,0.04738361682854896,0.0
2014-07-30,6.091091941020138e-05,-0.008561953334309412,0.04738361682854896,0.16835279449379123,1.0
2014-08-06,1.5638426360123552e-05,-0.025618874707858386,0.16835279449379123,0.10469161555597478,0.0
2014-08-13,0.006684767102510805,0.013695716865435699,0.10469161555597478,0.07841035470363227,0.0
2014-08-20,0.0024747482825436223,0.02023344514752793,0.07841035470363227,0.04293415751542583,0.0
2014-08-27,4.998604328455613e-05,0.006827841163579968,0.04293415751542583,0.029366573148180683,0.0
2014-09-04,-0.001535599204712169,-0.001235674391142692,0.029366573148180683,0.06803777002800049,0.0
2014-09-11,0.0008815167647232053,-0.00010015931695181359,0.06803777002800049,0.07690641061830465,0.0
2014-09-18,0.004879257127339826,0.006939760290868749,0.07690641061830465,0.14637501016329954,1.0
2014-09-25,-0.016300913265170507,-0.02281517262676424,0.14637501016329954,0.11558631149895826,0.0
2014-10-02,5.143328250229687e-06,-0.010132569061613526,0.11558631149895826,0.23477154021745109,1.0
2014-10-09,-0.02087784845431496,-0.009271270052880096,0.23477154021745109,0.1550559553765624,1.0
2014-10-16,0.0001449672004417697,-0.034532827073502276,0.1550559553765624,0.2039997861132117,1.0
2014-10-23,0.012228305721599457,0.04619050538616562,0.2039997861132117,0.10836942644326054,0.0
2014-10-30,0.006210797247873184,0.02221883912101935,0.10836942644326054,0.09800766375764247,0.0
2014-11-06,0.003768403644328259,0.018163046769216793,0.09800766375764247,0.023636466683862975,0.0
2014-11-13,0.0005297044284002311,0.003989645626109332,0.023636466683862975,0.0407451986220507,0.0
2014-11-20,0.001965164013202754,0.0065590566174777935,0.0407451986220507,0.05075730635237641,0.0
2014-11-28,-0.0025456646370122207,0.007188838783651525,0.05075730635237641,0.07298937884924635,0.0
2014-12-05,0.0016638315989210529,0.003770311115175915,0.07298937884924635,0.17570974570042905,1.0
2014-12-12,-0.01634646579165845,-0.03582802697863588,0.17570974570042905,0.23578624217610689,1.0
2014-12-19,0.004559637967419008,0.033551039959320905,0.23578624217610689,0.03835428800523062,0.0
2014-12-29,0.000861403428089447,0.009574268278767447,0.03835428800523062,0.16674349111446468,1.0
2015-01-06,-0.00893325469070017,-0.04298546629217749,0.16674349111446468,0.17273126546380133,1.0
2015-01-13,-0.0025818854358163217,0.010145079545666383,0.17273126546380133,0.127552617408882,0.0
2015-01-21,0.004720465022189361,0.004483178669313833,0.127552617408882,0.17859223922228395,1.0
2015-01-28,-0.01358750281102202,-0.01485296583692795,0.17859223922228395,0.18097036299025054,1.0
2015-02-04,-0.0041647065724529616,0.01946312005716071,0.18097036299025054,0.11167270111659866,0.0
2015-02-11,-2.9034010158247172e-05,0.01314848933245311,0.11167270111659866,0.07527915845236148,0.0
2015-02-19,-0.0010626217157189283,0.01388407365254615,0.07527915845236148,0.04906035598762632,0.0
2015-02-26,-0.00147711863025381,0.006316294384044817,0.04906035598762632,0.06641418715286854,0.0
2015-03-05,0.001195365251036089,-0.004606113450435423,0.06641418715286854,0.18409352175462512,1.0
2015-03-12,0.012522702206037068,-0.016842333412080242,0.18409352175462512,0.14177411240971505,0.0
2015-03-19,-0.004884489126950175,0.01122458660055558,0.14177411240971505,0.13133450463108692,0.0
2015-03-26,-0.0023803307374738966,-0.015979477379757526,0.13133450463108692,0.1144228362926972,0.0
2015-04-02,0.0035234523037141535,0.005243655260988607,0.1144228362926972,0.07153647499518903,0.0
2015-04-10,0.005189376899456221,0.01683893426900768,0.07153647499518903,0.09527817897980727,0.0
2015-04-17,-0.01137570418905323,-0.009982836464490184,0.09527817897980727,0.07875513012995541,0.0
2015-04-24,0.0022502668247534868,0.017390836602460897,0.07875513012995541,0.11459968982668517,0.0
2015-05-01,0.010863776563455257,-0.004448633400754335,0.11459968982668517,0.13530836409544528,0.0
2015-05-08,0.013368147987361164,0.003697607105137493,0.13530836409544528,0.08706353762599377,0.0
2015-05-15,0.0007681188278664758,0.0031281689035255146,0.08706353762599377,0.03253068968678758,0.0
2015-05-22,-0.0022363851494835974,0.0015675421831956274,0.03253068968678758,0.10906694460559685,0.0
2015-06-01,0.002057343499147661,-0.006763021580829327,0.10906694460559685,0.07929682727186275,0.0
2015-06-08,-0.006495560338305542,-0.01548581348173099,0.07929682727186275,0.10463147349699646,0.0
2015-06-15,-0.004633289621771348,0.002473709753171233,0.10463147349699646,0.09999756863654213,0.0
2015-06-22,0.006076367981542122,0.01826416770842796,0.09999756863654213,0.1600975968303474,1.0
2015-06-29,-0.02108696950861153,-0.03119992870324222,0.1600975968303474,0.07331424942863678,0.0
2015-07-07,0.006062560593868743,0.011452316492529216,0.07331424942863678,0.17073018451225805,1.0
2015-07-14,0.00444327323650017,0.013178210861541528,0.17073018451225805,0.06519031187811652,0.0
2015-07-21,-0.004270796242723094,0.0048531891494676465,0.06519031187811652,0.1307115052566098,0.0
2015-07-28,0.012310073801889353,-0.012325477191405768,0.1307115052566098,0.05983729910502859,0.0
2015-08-04,-0.0022522391669328678,3.347291851690153e-05,0.05983729910502859,0.12949730402281873,0.0
2015-08-11,-0.00960306468018227,-0.004428609641566383,0.12949730402281873,0.051047554557671855,0.0
2015-08-18,-0.0026289829356331003,0.006146818817962458,0.051047554557671855,0.4123451796688427,1.0
2015-08-25,-0.013614249742655897,-0.11581003347479664,0.4123451796688427,0.3898358572774857,1.0
2015-09-01,-0.030022649842427997,0.024457376574685823,0.3898358572774857,0.2635562276018543,1.0
2015-09-09,-0.013995035769084717,0.01462207979631106,0.2635562276018543,0.12342004313191036,0.0
2015-09-16,0.0086677407153759,0.027060469013686368,0.12342004313191036,0.15072165072656973,1.0
2015-09-23,-0.002050744229593947,-0.02875085761224322,0.15072165072656973,0.2296269266123238,1.0
2015-09-30,0.01889589860356512,-0.00970777231878928,0.2296269266123238,0.1755406878181438,1.0
2015-10-07,0.008003519857552759,0.038719155726654284,0.1755406878181438,0.08650942750486362,0.0
2015-10-14,-0.0047274309119391435,-0.0007969614196595559,0.08650942750486362,0.11759919041786286,0.0
2015-10-21,-0.005842448911134253,0.012309571701897134,0.11759919041786286,0.16513143727194526,1.0
2015-10-28,0.011770488488143476,0.03475897060359252,0.16513143727194526,0.09598946377571349,0.0
2015-11-04,-0.003551666939647187,0.00570520525514877,0.09598946377571349,0.07499061248526993,0.0
2015-11-11,-0.003233307321568946,-0.013075614361143795,0.07499061248526993,0.20120391961589543,1.0
2015-11-18,0.016033229877172244,0.0041264518843719,0.20120391961589543,0.030749176772707967,0.0
2015-11-25,-0.00012914061496715576,0.0025357004394797426,0.030749176772707967,0.1533702899966673,1.0
2015-12-03,-0.014477826444150087,-0.01896883871699741,0.1533702899966673,0.16946689068707846,1.0
2015-12-10,0.0022488565785946774,0.0012725299907608623,0.16946689068707846,0.21951796755851538,1.0
2015-12-17,-0.015154776635876313,-0.0050511405709377614,0.21951796755851538,0.175976288328142,1.0
2015-12-24,-0.0015999154038633197,0.009310588435308699,0.175976288328142,0.15815506436640714,1.0
2016-01-04,-0.015422041797805928,-0.02372919790633541,0.15815506436640714,0.2097768251327603,1.0
2016-01-11,0.0008529082958226729,-0.04522240453263611,0.2097768251327603,0.2704136098967781,1.0
2016-01-19,0.0005316801874288286,-0.022255892536483756,0.2704136098967781,0.22608178222344733,1.0
2016-01-26,0.014045237830367907,0.011783642149809577,0.22608178222344733,0.2361124243922095,1.0
2016-02-02,-0.01892096871823143,-0.0003152241521537265,0.2361124243922095,0.17078918988263744,1.0
2016-02-09,-0.0006638406467602255,-0.02706786853207198,0.17078918988263744,0.23140252891625843,1.0
2016-02-17,0.016346110625641338,0.03949144811435505,0.23140252891625843,0.14278325113105964,0.0
2016-02-24,0.0044299600346319485,0.0015454481571829728,0.14278325113105964,0.19705342916668817,1.0
2016-03-02,0.0040859498611017005,0.02893270557203511,0.19705342916668817,0.09446256806264067,0.0
2016-03-09,0.00503967278281425,0.0014136137139306284,0.09446256806264067,0.12309787192528511,0.0
2016-03-16,0.005584727881779697,0.018902666716824085,0.12309787192528511,0.07285716997712101,0.0
2016-03-23,-0.00640650953066712,0.00467035979647541,0.07285716997712101,0.07117233858412601,0.0
2016-03-31,-0.0020418423596207116,0.011244014796878435,0.07117233858412601,0.14349294764675893,0.0
2016-04-07,-0.012048073970004866,-0.00869409542904112,0.14349294764675893,0.10228027912959632,0.0
2016-04-14,0.00017291243013242585,0.019817892795092835,0.10228027912959632,0.06375926430785717,0.0
2016-04-21,-0.005207562857292034,0.004168386132461009,0.06375926430785717,0.06938035796642618,0.0
2016-04-28,-0.00927363606156167,-0.007520472816800174,0.06938035796642618,0.09983140491759682,0.0
2016-05-05,-0.00023903669279415213,-0.012204461319975681,0.09983140491759682,0.1137804459956236,0.0
2016-05-12,-0.00016947926796424465,0.006552186951366897,0.1137804459956236,0.11682265064753858,0.0
2016-05-19,-0.0037135945227206248,-0.011729758160621892,0.11682265064753858,0.11738143281854571,0.0
2016-05-26,-0.0002104660499285901,0.024242523790347924,0.11738143281854571,0.04321649306633845,0.0
2016-06-03,-0.002916062236694851,0.004310958903066958,0.04321649306633845,0.07916995371771259,0.0
2016-06-10,-0.009217532410166119,-0.0014587218875439885,0.07916995371771259,0.06863409254185725,0.0
2016-06-17,-0.003263284144608922,-0.011926403959054949,0.06863409254185725,0.28022016110552606,1.0
2016-06-24,-0.03658079280558263,-0.01645838134757059,0.28022016110552606,0.2369876467366655,1.0
2016-07-01,0.0019467062930320223,0.03166168750613721,0.2369876467366655,0.1264425829318509,0.0
2016-07-11,0.0034028193119982385,0.01613670606393486,0.1264425829318509,0.06461772053268339,0.0
2016-07-18,0.0023794618218687365,0.013815106546021996,0.06461772053268339,0.05637536386742224,0.0
2016-07-25,-0.0030160187399297005,0.0007335420084041535,0.05637536386742224,0.020562723992537762,0.0
2016-08-01,-0.0012705941474910585,0.0010877776321700156,0.020562723992537762,0.07930178783371859,0.0
2016-08-08,-0.0009075772915415996,0.004618771200730956,0.07930178783371859,0.04439491870325199,0.0
2016-08-15,0.002789016294521772,0.004236988933119037,0.04439491870325199,0.045398479848381024,0.0
2016-08-22,-0.0005634818833231075,-0.0034348859660315516,0.045398479848381024,0.05633117363792994,0.0
2016-08-29,0.005214428428674345,-0.0010359842879945494,0.05633117363792994,0.042550245769701775,0.0
2016-09-06,0.002977242370005349,0.0027938160669431188,0.042550245769701775,0.23080279383203667,1.0
2016-09-13,-0.014941748278210834,-0.027570987586376574,0.23080279383203667,0.07642654745419179,0.0
2016-09-20,0.0002990934842341777,0.005971729504464427,0.07642654745419179,0.12471749438008137,0.0
2016-09-27,0.006423495165298114,0.00938210433894135,0.12471749438008137,0.10384023104946717,0.0
2016-10-04,-0.004967881786362002,-0.004380063506300179,0.10384023104946717,0.10219438786486451,0.0
2016-10-11,-0.012524577697755964,-0.0064191047382443,0.10219438786486451,0.054050171541430596,0.0
2016-10-18,0.00614150560569863,0.001342327447144331,0.054050171541430596,0.04689218413419807,0.0
2016-10-25,-0.0038049574647063588,0.0016623930665357585,0.04689218413419807,0.058570059389207924,0.0
2016-11-01,-0.006810019108735079,-0.014778566959754814,0.058570059389207924,0.16838942671625326,1.0
2016-11-08,0.0037648783971575305,0.013097460378866057,0.16838942671625326,0.09595080421057603,0.0
2016-11-15,0.007452955022089459,0.018903482812860035,0.09595080421057603,0.06732118530010933,0.0
2016-11-22,0.002163091103593048,0.010289094647740419,0.06732118530010933,0.05144461076529121,0.0
2016-11-30,-0.0026569305551563936,-0.0018764736862972118,0.05144461076529121,0.10739978471613443,0.0
2016-12-07,0.013077358744723351,0.01916207489366243,0.10739978471613443,0.08692770402503223,0.0
2016-12-14,-0.008150295461858616,0.0053085389986196625,0.08692770402503223,0.045580351839407555,0.0
2016-12-21,-0.0024603857246776667,0.005267250328259666,0.045580351839407555,0.06373234507656542,0.0
2016-12-29,-0.00029334773186837293,-0.007052918224408534,0.06373234507656542,0.08354754556350656,0.0
2017-01-06,0.0035107891805790594,0.01224871740495018,0.08354754556350656,0.03799767586360447,0.0
2017-01-13,0.0018481313951466559,-0.0010282440810406494,0.03799767586360447,0.0468562770107938,0.0
2017-01-23,-0.002693749646069815,-0.0041587171954983815,0.0468562770107938,0.08529295365525703,0.0
2017-01-30,-0.006027673496096654,0.006907025403829637,0.08529295365525703,0.05410704601496884,0.0
2017-02-06,-0.002117597513709103,0.005099063559619251,0.05410704601496884,0.06085590031927719,0.0
2017-02-13,0.005232133584011204,0.015447789754435937,0.06085590031927719,0.06378043642399009,0.0
2017-02-21,0.0060298500200691545,0.015821723607163163,0.06378043642399009,0.023838368462358338,0.0
2017-02-28,-0.0025817061151949088,-0.0007358777909744632,0.023838368462358338,0.10964487440786783,0.0
2017-03-07,-0.0029176259020898777,0.002007595814499141,0.10964487440786783,0.03763911451747443,0.0
2017-03-14,-0.003384748980891005,-0.0012420960071603546,0.03763911451747443,0.10856855655559067,0.0
2017-03-21,-0.012485594590102116,-0.009100845609211107,0.10856855655559067,0.05436824740309966,0.0
2017-03-28,0.007225308829623951,0.00618811973247241,0.05436824740309966,0.030016622572022575,0.0
2017-04-04,0.0005593660746613713,0.0006738439439163926,0.030016622572022575,0.02865589312783154,0.0
2017-04-11,-0.0014349082919582845,-0.0027068171369070224,0.02865589312783154,0.08575465410991305,0.0
2017-04-19,-0.0017178253968685745,-0.006654020260385673,0.08575465410991305,0.10512639034006266,0.0
2017-04-26,-0.0004858214756873499,0.020857291580034115,0.10512639034006266,0.02244872472853815,0.0
2017-05-03,-0.0012721693958273864,0.0002847535456871216,0.02244872472853815,0.03120333144307865,0.0
2017-05-10,0.0011299627174494742,0.00480392612791203,0.03120333144307865,0.13593100003658098,0.0
2017-05-17,-0.018345468171115042,-0.017912145619986743,0.13593100003658098,0.06922299267483861,0.0
2017-05-24,0.0024860338045762944,0.019893824108381773,0.06922299267483861,0.06281786299717286,0.0
2017-06-01,0.0075425955848472245,0.010619784062642664,0.06281786299717286,0.03581630097431798,0.0
2017-06-08,0.00026716903566476714,0.0015337566434255917,0.03581630097431798,0.03751917374140145,0.0
2017-06-15,-0.002242109796840374,-0.0005466542648332384,0.03751917374140145,0.07608977667246909,0.0
2017-06-22,-0.0004558859724380852,0.0008383217443123326,0.07608977667246909,0.10523698852610897,0.0
2017-06-29,-0.008637216844141348,-0.006097851278121723,0.10523698852610897,0.08373773388836381,0.0
2017-07-07,0.006382712569615801,0.0022621748890594203,0.08373773388836381,0.06338088203429293,0.0
2017-07-14,0.004662616170009233,0.013958845628734113,0.06338088203429293,0.038382147260169135,0.0
2017-07-21,-0.0003679393292088825,0.005381412259641633,0.038382147260169135,0.02508039988694938,0.0
2017-07-28,-0.0013420156781160386,-0.00017794678490105692,0.02508039988694938,0.027584608880228633,0.0
2017-08-04,0.0018873214175395684,0.0019115169303199995,0.027584608880228633,0.10598952060067184,0.0
2017-08-11,0.0012747571279871366,-0.01444064365157165,0.10598952060067184,0.13234837253155252,0.0
2017-08-18,-0.0018370536613519935,-0.006480581706045138,0.13234837253155252,0.07720646594369487,0.0
2017-08-25,0.0016714716689374216,0.007188955764351234,0.07720646594369487,0.05435231992448848,0.0
2017-09-01,0.001980578042335197,0.013619203650415638,0.05435231992448848,0.09674020341098845,0.0
2017-09-11,0.010780975197147024,0.004656946949834801,0.09674020341098845,0.030606379876022355,0.0
2017-09-18,0.0014548619291293301,0.006314152467426334,0.030606379876022355,0.02866843635257797,0.0
2017-09-25,-0.0022245226998538568,-0.002883778332560861,0.02866843635257797,0.04851586135457001,0.0
2017-10-02,0.0038665188297123134,0.012917659055031956,0.04851586135457001,0.046186794091907464,0.0
2017-10-09,-0.0018060638680135568,0.006153083843814003,0.046186794091907464,0.02777630520811161,0.0
2017-10-16,0.0017492225323057532,0.005060369976942284,0.02777630520811161,0.0465545705381986,0.0
2017-10-23,-0.003980395312997195,0.002865757403807203,0.0465545705381986,0.07132881997717129,0.0
2017-10-30,-0.0031975773767407194,0.0030558170408868223,0.07132881997717129,0.027158222465263688,0.0
2017-11-06,0.00127044388477643,0.007087538025340711,0.027158222465263688,0.030199302662850633,0.0
2017-11-13,0.000983150911293032,-0.00243038427715233,0.030199302662850633,0.07486891026106765,0.0
2017-11-20,0.0012748698887901106,-0.0010451736095404285,0.07486891026106765,0.08503898053615037,0.0
2017-11-28,0.009800332196793644,0.017239281064645492,0.08503898053615037,0.06581061625087715,0.0
2017-12-05,-0.003746390525955308,0.0009626087689732885,0.06581061625087715,0.05087533156528405,0.0
2017-12-12,0.001547723722089516,0.01304972271888251,0.05087533156528405,0.08271822975736105,0.0
2017-12-19,-0.0032354980431185012,0.006495057245708967,0.08271822975736105,0.01820734042633554,0.0
2017-12-27,0.0007906283102422613,0.0004288319111557542,0.01820734042633554,0.08855335224510497,0.0
2018-01-04,0.004020542855326989,0.015303741027832395,0.08855335224510497,0.07238052015865466,0.0
2018-01-11,0.007009025768882019,0.01586837313054207,0.07238052015865466,0.09182451865326013,0.0
2018-01-19,0.004375647986990156,0.015325169833509969,0.09182451865326013,0.1025146077650826,0.0
2018-01-26,0.011771638106084168,0.022020314308120556,0.1025146077650826,0.17761139286397307,1.0
2018-02-02,-0.021436680516698812,-0.03930949210022748,0.17761139286397307,0.4352313318210288,1.0
2018-02-09,0.014825645199524345,-0.05299951285947433,0.4352313318210288,0.16174509897199013,1.0
2018-02-16,0.0003733996499216942,0.042111888894057786,0.16174509897199013,0.15145275458673388,1.0
2018-02-26,0.011688438620627399,0.01719261276117802,0.15145275458673388,0.17590498109694938,1.0
2018-03-05,0.01097161761052657,-0.02132968028427496,0.17590498109694938,0.1280812922896369,0.0
2018-03-12,-0.001274797337998416,0.022559288718374225,0.1280812922896369,0.11919303875382843,0.0
2018-03-19,-0.014306040541373417,-0.025511159232741724,0.11919303875382843,0.3030377177337269,1.0
2018-03-26,0.02679504070603539,-0.020244637042480175,0.3030377177337269,0.24249662499437596,1.0
2018-04-03,0.012535961315741067,-0.01672714807869594,0.24249662499437596,0.21956838070936946,1.0
2018-04-10,0.01658859899631407,0.016095050654939897,0.21956838070936946,0.11969591713927871,0.0
2018-04-17,0.01060507161386675,0.018466821513919048,0.11969591713927871,0.12061183083689928,0.0
2018-04-24,-0.013470888006475166,-0.026899396471922646,0.12061183083689928,0.09693174902631653,0.0
2018-05-01,0.0025458021710273926,0.007653133313670543,0.09693174902631653,0.10799950573204097,0.0
2018-05-08,-0.0002656766117338216,0.006427945185124657,0.10799950573204097,0.10782211891273154,0.0
2018-05-15,-0.006865655043990812,0.014686243275814154,0.10782211891273154,0.06664610666922169,0.0
2018-05-22,-0.0031406885928751895,0.004779351759412166,0.06664610666922169,0.1259285968260172,0.0
2018-05-30,0.012615875351923801,-0.00015781796487815414,0.1259285968260172,0.11388655679630023,0.0
2018-06-06,0.008530900637311972,0.017590308271045532,0.11388655679630023,0.039336427743302003,0.0
2018-06-13,-0.004034254541411457,0.0011823350299995242,0.039336427743302003,0.03942423273455623,0.0
2018-06-20,0.001710690224112545,-0.0029983387011556653,0.03942423273455623,0.12589877606392857,0.0
2018-06-27,-0.008641586313141117,-0.024764684363301436,0.12589877606392857,0.08583412132518765,0.0
2018-07-05,0.008583856745537827,0.013605284205845891,0.08583412132518765,0.12028662788848973,0.0
2018-07-12,0.0087109915801719,0.022288562912998917,0.12028662788848973,0.0439327173535097,0.0
2018-07-19,-0.003960826849049506,0.002213170486841491,0.0439327173535097,0.07722754937811858,0.0
2018-07-26,-0.00303690274886736,0.01168051577951606,0.07722754937811858,0.07957158490359015,0.0
2018-08-02,0.0049143495822087,-0.003608330226491945,0.07957158490359015,0.04711676896060739,0.0
2018-08-09,-0.0014427146770399496,0.009280487392300318,0.04711676896060739,0.10722165344210405,0.0
2018-08-16,0.00788821455263811,-0.004527413941548028,0.10722165344210405,0.03491042844508316,0.0
2018-08-23,-0.0016926939235351061,0.005718156254239812,0.03491042844508316,0.0865664171724788,0.0
2018-08-30,-0.004440172044458075,0.01533515983744772,0.0865664171724788,0.03818931199891755,0.0
2018-09-07,-0.002215797895014484,-0.010203075314473006,0.03818931199891755,0.04788093819155264,0.0
2018-09-14,0.00027544390076635555,0.011529298314460043,0.04788093819155264,0.07859683418256334,0.0
2018-09-21,-0.00036860093700704873,0.008463263157570027,0.07859683418256334,0.04052134648184116,0.0
2018-09-28,-6.870144138179519e-06,-0.005369924403918523,0.04052134648184116,0.07509531114679083,0.0
2018-10-05,-0.0055433145846221455,-0.00979735983699417,0.07509531114679083,0.2969792392008156,1.0
2018-10-12,0.014106235408376288,-0.041911838149271324,0.2969792392008156,0.18752610500239855,1.0
2018-10-19,-0.00036123513527937907,0.0002349257703157685,0.18752610500239855,0.29081520424602036,1.0
2018-10-26,-0.017479138010003174,-0.04021206716960188,0.29081520424602036,0.16678240523129878,1.0
2018-11-02,-0.006336721055879746,0.02392277124390406,0.16678240523129878,0.174229304526262,1.0
2018-11-09,-0.00924158591537243,0.02105790509851288,0.174229304526262,0.1697637558858949,1.0
2018-11-16,0.002220837537483983,-0.016218488345966016,0.1697637558858949,0.21383687975237003,1.0
2018-11-26,0.015412975845366429,-0.023225931348029402,0.21383687975237003,0.18995706983625374,1.0
2018-12-03,0.010882001794362436,0.04280449063331296,0.18995706983625374,0.28791644998453936,1.0
2018-12-11,-0.00035640967530566644,-0.05661575866141199,0.28791644998453936,0.20591821745175717,1.0
2018-12-18,8.639685378910398e-05,-0.03497217954555116,0.20591821745175717,0.4503785014325465,1.0
2018-12-26,0.04840317767080503,-0.03129978436609079,0.4503785014325465,0.1977358229214885,1.0
2019-01-03,-0.02506833181891511,-0.008060137835496362,0.1977358229214885,0.2577978802485279,1.0
2019-01-10,0.004508241374462229,0.05899187509935801,0.2577978802485279,0.1013147531728982,0.0
2019-01-17,0.007562730706235749,0.015029166983353147,0.1013147531728982,0.15110270802969297,1.0
2019-01-25,0.008452867700518018,0.010866573742829741,0.15110270802969297,0.13772403980518771,0.0
2019-02-01,0.0008982065848071141,0.01555338150231117,0.13772403980518771,0.0902119026142638,0.0
2019-02-08,0.0006759725660127,0.0004986152011035477,0.0902119026142638,0.12250820196498911,0.0
2019-02-15,0.010820004664957538,0.02470097758162688,0.12250820196498911,0.05509667453813349,0.0
2019-02-25,0.0012311044497517107,0.007362228705953664,0.05509667453813349,0.05993110259341931,0.0
2019-03-04,-0.003888107395255168,-0.0011809255146309622,0.05993110259341931,0.1284220707715074,0.0
2019-03-11,0.014559535563489445,-0.0034109868001272574,0.1284220707715074,0.06949444739897889,0.0
2019-03-18,0.0036990967989080333,0.01767772936056701,0.06949444739897889,0.15761575012559478,1.0
2019-03-25,-0.000839372833310059,-0.012281451293590399,0.15761575012559478,0.11514863938371088,0.0
2019-04-01,0.011502195518044496,0.024298865947966077,0.11514863938371088,0.0398041252918885,0.0
2019-04-08,0.0010469117505236662,0.0099186225915644,0.0398041252918885,0.06842143594890035,0.0
2019-04-15,-0.0006295672443571088,0.003381994804361695,0.06842143594890035,0.06600262440626611,0.0
2019-04-23,0.008802351174995391,0.009624531320579074,0.06600262440626611,0.03813279050370827,0.0
2019-04-30,0.0009509646987914453,0.004133053183021057,0.03813279050370827,0.15068618921329782,1.0
2019-05-07,-0.016649488088905522,-0.021195064298034708,0.15068618921329782,0.1859316192449258,1.0
2019-05-14,0.007983987523216093,-0.017361801596711034,0.1859316192449258,0.1153569468513104,0.0
2019-05-21,0.008459949093190606,0.01051120538796357,0.1153569468513104,0.11715713686542287,0.0
2019-05-29,-0.00693591016723137,-0.028808301000635698,0.11715713686542287,0.18840214759878401,1.0
2019-06-05,0.008128726978813691,0.015378650830127603,0.18840214759878401,0.09320633602939349,0.0
2019-06-12,-0.002039657827237423,0.01881944071284123,0.09320633602939349,0.07860416376455487,0.0
2019-06-19,0.0029807167930238428,0.0160587205350446,0.07860416376455487,0.09683240948621769,0.0
2019-06-26,-0.0012346956788039985,-0.004342270723633441,0.09683240948621769,0.09334991501503032,0.0
2019-07-03,0.007643095660684157,0.02776678918181725,0.09334991501503032,0.052050342575054365,0.0
2019-07-11,0.002282619578948549,0.0013642523588125901,0.052050342575054365,0.06683387319003578,0.0
2019-07-18,0.0035755977088190827,-0.0016012642818337614,0.06683387319003578,0.084791980456795,0.0
2019-07-25,-0.005276296483599537,0.002853853690558226,0.084791980456795,0.11556179500736107,0.0
2019-08-01,-0.009039527568806017,-0.016823606051264747,0.11556179500736107,0.2731774285899304,1.0
2019-08-08,0.018588462466865085,-0.005251501997369314,0.2731774285899304,0.25726301021363296,1.0
2019-08-15,0.0024612366981802422,-0.031283171738626034,0.25726301021363296,0.15566716310402673,1.0
2019-08-22,-0.00050620295927854,0.026116795022601433,0.15566716310402673,0.22698061229494115,1.0
2019-08-29,0.012607482441094399,0.0005575437790607055,0.22698061229494115,0.12945996876747784,0.0
2019-09-06,0.0009101908043767861,0.018339400431749326,0.12945996876747784,0.055354686880300416,0.0
2019-09-13,-0.0007246768769660504,0.009582249474685549,0.055354686880300416,0.045298527402559866,0.0
2019-09-20,-0.004907599104880387,-0.00510707884257773,0.045298527402559866,0.08503458239529822,0.0
2019-09-27,-0.005330534579128577,-0.010171649928156865,0.08503458239529822,0.19650715985114503,1.0
2019-10-04,0.014116785239259274,-0.0033075309046822314,0.19650715985114503,0.15993344291311043,1.0
2019-10-11,0.010879579673789056,0.006166566774626127,0.15993344291311043,0.08003790901078671,0.0
2019-10-18,-0.003927045709799847,0.005348795410051892,0.08003790901078671,0.06658273192563112,0.0
2019-10-25,0.004064429510656049,0.012099202362615032,0.06658273192563112,0.08514817803879725,0.0
2019-11-01,0.009615930559647514,0.014569649285602662,0.08514817803879725,0.038587638426305526,0.0
2019-11-08,0.002557403145115828,0.008496872075177873,0.038587638426305526,0.057795904658786625,0.0
2019-11-15,0.007666028777973181,0.008813030850472069,0.057795904658786625,0.033295366710013784,0.0
2019-11-22,0.002172573942375937,-0.003264432341637535,0.033295366710013784,0.09239994551470723,0.0
2019-12-02,-0.008668483693963605,0.001150381233754513,0.09239994551470723,0.09500400593980429,0.0
2019-12-09,-0.003167833684474369,0.007068971623306753,0.09500400593980429,0.08195907792180168,0.0
2019-12-16,0.007122360942542787,0.017540008828679163,0.08195907792180168,0.04771676183518623,0.0
2019-12-23,0.0008657687142985109,0.010150585728435036,0.04771676183518623,0.05874378312305872,0.0
2019-12-31,0.002941690644190719,0.0020976738120845858,0.05874378312305872,0.09093038012420837,0.0
2020-01-08,0.004890473485641129,0.006869429592680998,0.09093038012420837,0.07319285335321468,0.0
2020-01-15,0.0018684502436879626,0.011078715082127079,0.07319285335321468,0.06835721361848175,0.0
2020-01-23,0.001140326193358241,0.010960330790171087,0.06835721361848175,0.1496797463290636,1.0
2020-01-30,0.0031294569302110597,-0.012673451496058887,0.1496797463290636,0.19163823454081397,1.0
2020-02-06,0.003320155057001924,0.018741231823350545,0.19163823454081397,0.08082582262403087,0.0
2020-02-13,-0.0016317763599886593,0.00838132454233137,0.08082582262403087,0.089912916556575,0.0
2020-02-21,-0.010573809232819777,-0.010784256264194691,0.089912916556575,0.46174664728085735,1.0
2020-02-28,-0.008272463109653077,-0.12206228058123823,0.46174664728085735,0.5514826150823765,1.0
2020-03-06,-0.01720094365238617,0.00612500711476445,0.5514826150823765,1.2079977548237206,1.0
2020-03-13,0.08880840694923595,-0.09203469877635534,1.2079977548237206,1.1113288229311515,1.0
2020-03-20,-0.04432762405336681,-0.16227902025217172,1.1113288229311515,0.8369471366251039,1.0
2020-03-27,-0.0342678455416263,0.09769670746182897,0.8369471366251039,0.45611187668928227,1.0
2020-04-03,-0.015252860825944299,-0.02100228672021188,0.45611187668928227,0.5523700956334987,1.0
2020-04-13,-0.01015605944467711,0.10408068714677482,0.5523700956334987,0.35221700400527917,1.0
2020-04-20,-0.018042845615347775,0.02203575114545242,0.35221700400527917,0.3085810786816565,1.0
2020-04-27,0.014606868181735996,0.01940557643418571,0.3085810786816565,0.28658809918252015,1.0
2020-05-04,0.0042408225788494016,-0.012493997900391959,0.28658809918252015,0.16510100161616073,1.0
2020-05-11,0.0001330693667907644,0.030298874985645038,0.16510100161616073,0.3051878228194068,1.0
2020-05-18,0.031015208770073424,0.008062439381540304,0.3051878228194068,0.17381184075630196,1.0
2020-05-26,0.01221428502146052,0.012735505300135624,0.17381184075630196,0.12798841329832622,0.0
2020-06-02,0.008177307282398658,0.029330625478465808,0.12798841329832622,0.2321384949295635,1.0
2020-06-09,-0.007829743419721978,0.04019620753667487,0.2321384949295635,0.4660214280152169,1.0
2020-06-16,0.018784852866710527,-0.026040948441373474,0.4660214280152169,0.07303931729850681,0.0
2020-06-23,0.004298169191483789,0.0020939960936408007,0.07303931729850681,0.3055901527222758,1.0
2020-06-30,0.015292349435755562,-0.00994940459298615,0.3055901527222758,0.15440255244728043,1.0
2020-07-08,0.007796986263430269,0.022216973678637484,0.15440255244728043,0.15683064775792202,1.0
2020-07-15,0.009041056936355048,0.017703930601448516,0.15683064775792202,0.07952296909837238,0.0
2020-07-22,0.005730630594473862,0.015212704557642601,0.07952296909837238,0.14912922735470285,1.0
2020-07-29,0.012351783351742583,-0.005380741681944317,0.14912922735470285,0.09465825026843863,0.0
2020-08-05,0.006409160435517922,0.021053880604731585,0.09465825026843863,0.12422022624594593,0.0
2020-08-12,0.013899502293613534,0.015676867456249643,0.12422022624594593,0.04279076894966094,0.0
2020-08-19,-0.004414123345182018,-0.001628375490377412,0.04279076894966094,0.10938598673517022,0.0
2020-08-26,0.010144001344841499,0.030316371206603736,0.10938598673517022,0.1311705134669338,0.0
2020-09-02,0.01524905014386973,0.02893015527044654,0.1311705134669338,0.37901168242832306,1.0
2020-09-10,-0.017741245925395586,-0.06986918924614238,0.37901168242832306,0.11889892109890973,0.0
2020-09-17,-0.008447949528552457,0.005322454692905721,0.11889892109890973,0.219578879424307,1.0
2020-09-24,0.0029830055546290505,-0.03344545793649514,0.219578879424307,0.17753544627044954,1.0
2020-10-01,0.0052789495642950775,0.0405071405062736,0.17753544627044954,0.22099962386501443,1.0
2020-10-08,0.007978212894869286,0.019342608414117737,0.22099962386501443,0.14692248644463687,1.0
2020-10-15,-0.001528923514213078,0.010536638111641367,0.14692248644463687,0.12803816723381742,0.0
2020-10-22,0.0052053540034913415,-0.008606317746390008,0.12803816723381742,0.3016003175554306,1.0
2020-10-29,0.01187652493999744,-0.0424038571839583,0.3016003175554306,0.2709954353057892,1.0
2020-11-05,0.01927326577670128,0.05876276656120254,0.2709954353057892,0.12214660706070853,0.0
2020-11-12,-0.01002865154706935,0.007537519756024801,0.12214660706070853,0.1572675606292722,1.0
2020-11-19,0.003938675690732779,0.012603302887730563,0.1572675606292722,0.13154321830620627,0.0
2020-11-27,0.0023941110259011363,0.015645265893354642,0.13154321830620627,0.10715626126957165,0.0
2020-12-04,0.00879746371518688,0.016564676188117872,0.10715626126957165,0.06288077945067742,0.0
2020-12-11,-0.0012657980842328352,-0.009686939829269025,0.06288077945067742,0.10822230091989443,0.0
2020-12-18,-0.003517296952148704,0.012464765254229349,0.10822230091989443,0.07380154574835376,0.0
