N,window,start,end,train_high_vol_rate,balanced_accuracy,roc_auc,f1,recall_high_vol
20,1,2010-01-11,2010-05-27,0.55,0.7308805291442745,0.8635799917321207,0.6875,0.559322033898305
20,2,2015-04-24,2015-09-09,0.25,0.7705663497312939,0.8755684167011162,0.7777777777777778,0.711864406779661
20,3,2020-08-05,2020-12-18,0.5,0.8261678379495659,0.8701942951632907,0.8547008547008547,0.847457627118644
50,1,2010-01-11,2010-12-30,0.6,0.7631252583712278,0.8999586606035552,0.7857142857142857,0.7457627118644068
50,2,2015-01-06,2015-12-24,0.32,0.7868954113269946,0.8875568416701116,0.8503937007874016,0.9152542372881356
50,3,2019-12-31,2020-12-18,0.62,0.7525837122778007,0.8813559322033898,0.7326732673267327,0.6271186440677966
100,1,2010-01-11,2011-12-27,0.6,0.7732534105002067,0.8945845390657297,0.7524752475247525,0.6440677966101694
100,2,2014-07-09,2016-06-24,0.32,0.8139727159983464,0.9040926002480365,0.847457627118644,0.847457627118644
100,3,2019-01-03,2020-12-18,0.41,0.788548987184787,0.895824720959074,0.8173913043478261,0.7966101694915254
200,1,2010-01-11,2013-12-23,0.41,0.8065316246382803,0.8987184787102108,0.8524590163934426,0.8813559322033898
200,2,2013-07-11,2017-06-22,0.17,0.7784208350558082,0.8792889623811493,0.8412698412698413,0.8983050847457628
200,3,2017-01-06,2020-12-18,0.325,0.7990905332782141,0.9065729640347251,0.8571428571428571,0.9152542372881356
