Data Regime,Split,Model,N,Window,Start Date,End Date,Training Time,Prediction Time,Balanced Accuracy,ROC-AUC,F1,Recall High Volatility
Classical,Validation,Persistence 5d >= 0.67,498,N/A,2021-01-04,2022-12-22,0 min 0.00 sec,0 min 0.00 sec,0.5,0.8591269841269841,0.732824427480916,1.0
Classical,Validation,Persistence 20d >= 0.67,498,N/A,2021-01-04,2022-12-22,0 min 0.00 sec,0 min 0.00 sec,0.5,0.8520337301587302,0.732824427480916,1.0
Classical,Validation,RBF-SVM,2759,N/A,2010-01-11,2020-12-23,0 min 0.12 sec,0 min 0.09 sec,0.7957341269841269,0.8908234126984127,0.8424543946932007,0.8819444444444444
Small,Validation,RBF-SVM,20,1,2010-01-11,2010-05-27,0 min 0.00 sec,0 min 0.00 sec,0.7308805291442745,0.8635799917321207,0.6875,0.559322033898305
Small,Validation,RBF-SVM,20,2,2015-04-24,2015-09-09,0 min 0.00 sec,0 min 0.00 sec,0.7705663497312939,0.8755684167011162,0.7777777777777778,0.711864406779661
Small,Validation,RBF-SVM,20,3,2020-08-05,2020-12-18,0 min 0.00 sec,0 min 0.00 sec,0.8261678379495659,0.8701942951632907,0.8547008547008547,0.847457627118644
Small,Validation,RBF-SVM,50,1,2010-01-11,2010-12-30,0 min 0.00 sec,0 min 0.00 sec,0.7631252583712278,0.8999586606035552,0.7857142857142857,0.7457627118644068
Small,Validation,RBF-SVM,50,2,2015-01-06,2015-12-24,0 min 0.00 sec,0 min 0.00 sec,0.7868954113269946,0.8875568416701116,0.8503937007874016,0.9152542372881356
Small,Validation,RBF-SVM,50,3,2019-12-31,2020-12-18,0 min 0.00 sec,0 min 0.00 sec,0.7525837122778007,0.8813559322033898,0.7326732673267327,0.6271186440677966
Small,Validation,RBF-SVM,100,1,2010-01-11,2011-12-27,0 min 0.00 sec,0 min 0.00 sec,0.7732534105002067,0.8945845390657297,0.7524752475247525,0.6440677966101694
Small,Validation,RBF-SVM,100,2,2014-07-09,2016-06-24,0 min 0.00 sec,0 min 0.00 sec,0.8139727159983464,0.9040926002480365,0.847457627118644,0.847457627118644
Small,Validation,RBF-SVM,100,3,2019-01-03,2020-12-18,0 min 0.00 sec,0 min 0.00 sec,0.788548987184787,0.895824720959074,0.8173913043478261,0.7966101694915254
Small,Validation,RBF-SVM,200,1,2010-01-11,2013-12-23,0 min 0.00 sec,0 min 0.00 sec,0.8065316246382803,0.8987184787102108,0.8524590163934426,0.8813559322033898
Small,Validation,RBF-SVM,200,2,2013-07-11,2017-06-22,0 min 0.00 sec,0 min 0.00 sec,0.7784208350558082,0.8792889623811493,0.8412698412698413,0.8983050847457628
Small,Validation,RBF-SVM,200,3,2017-01-06,2020-12-18,0 min 0.00 sec,0 min 0.00 sec,0.7990905332782141,0.9065729640347251,0.8571428571428571,0.9152542372881356
Small,Validation,Quantum SVC,20,1,2010-01-11,2010-05-27,0 min 0.53 sec,0 min 11.71 sec,0.6448945845390657,0.6295990078544853,0.7166666666666667,0.7288135593220338
Small,Validation,Quantum SVC,20,2,2015-04-24,2015-09-09,0 min 0.53 sec,0 min 11.08 sec,0.5210830921868541,0.6238114923522117,0.345679012345679,0.23728813559322035
Small,Validation,Quantum SVC,20,3,2020-08-05,2020-12-18,0 min 0.72 sec,0 min 11.87 sec,0.5483670938404299,0.5200496072757337,0.6917293233082706,0.7796610169491526
Small,Validation,Quantum SVC,50,1,2010-01-11,2010-12-30,0 min 3.71 sec,0 min 30.95 sec,0.6045886730053741,0.6841670111616371,0.704,0.7457627118644068
Small,Validation,Quantum SVC,50,2,2015-01-06,2015-12-24,0 min 3.62 sec,0 min 30.98 sec,0.5293509714758164,0.5915667631252584,0.628099173553719,0.6440677966101694
Small,Validation,Quantum SVC,50,3,2019-12-31,2020-12-18,0 min 3.80 sec,0 min 29.73 sec,0.7126911947085572,0.8048780487804879,0.796875,0.864406779661017
Small,Validation,Quantum SVC,100,1,2010-01-11,2011-12-27,0 min 14.34 sec,0 min 56.68 sec,0.704836709384043,0.7279867713931376,0.7272727272727273,0.6779661016949152
Small,Validation,Quantum SVC,100,2,2014-07-09,2016-06-24,0 min 14.38 sec,0 min 57.93 sec,0.6889210417527905,0.7536171971889211,0.7256637168141593,0.6949152542372882
Small,Validation,Quantum SVC,100,3,2019-01-03,2020-12-18,0 min 14.25 sec,0 min 57.32 sec,0.7625051674245555,0.7651922281934683,0.8372093023255814,0.9152542372881356
Small,Validation,Quantum SVC,200,1,2010-01-11,2013-12-23,0 min 57.59 sec,1 min 54.45 sec,0.6692848284415047,0.7726333195535344,0.7288135593220338,0.7288135593220338
Small,Validation,Quantum SVC,200,2,2013-07-11,2017-06-22,0 min 58.27 sec,1 min 55.93 sec,0.7058701942951633,0.8065316246382803,0.7478260869565218,0.7288135593220338
Small,Validation,Quantum SVC,200,3,2017-01-06,2020-12-18,1 min 1.46 sec,1 min 58.35 sec,0.7587846217445224,0.7598181066556429,0.8396946564885496,0.9322033898305084
